{
    "rmse": 0.9515728929691268,
    "mae": 0.8079958104228985,
    "r2": 0.771134289435927
}